{"frag_in_range": {"actual_log": [1.9084850188786497, 1.9084850188786497, 1.9084850188786497, 1.9084850188786497, 0.24303804868629444, 1.9084850188786497, 1.9084850188786497, 1.9084850188786497, 0.24303804868629444, 1.9084850188786497, 1.954242509439325, 1.9084850188786497, 1.9084850188786497, 1.9084850188786497, 1.9084850188786497, 1.9084850188786497, 1.6532125137753437, 1.9084850188786497, 1.9084850188786497, 1.9084850188786497, 1.9084850188786497, 1.9084850188786497, 1.9084850188786497, 1.9084850188786497, 1.954242509439325, 1.9084850188786497, 1.9084850188786497, 1.9084850188786497, 0.24303804868629444, 1.954242509439325, 1.9084850188786497, 1.9084850188786497, 0.23044892137827466, 1.9084850188786497, 0.23044892137827466, 1.9084850188786497, 1.9084850188786497, 1.9084850188786497, 1.9084850188786497, 1.9084850188786497, 1.9084850188786497, 1.9084850188786497, 1.9084850188786497, 1.9084850188786497, 1.9084850188786497, 1.9084850188786497, 1.9084850188786497, 1.9084850188786497, 1.9084850188786497, 1.9084850188786497, 1.9084850188786497, 1.9084850188786497, 1.9084850188786497, 1.9084850188786497, 1.9084850188786497, 1.9084850188786497, 0.23044892137827466, 1.9084850188786497, 0.24303804868629444, 1.9084850188786497], "predicted_log": [1.9211488962173462, 1.944973111152649, 1.9041681289672852, 1.9194023609161377, 1.9117568731307983, 1.912259578704834, 1.9223090410232544, 1.902968168258667, 1.7722963094711304, 1.9041564464569092, 1.8765830993652344, 1.867826223373413, 1.91573965549469, 1.9089772701263428, 1.909269094467163, 1.8860567808151245, 1.5076706409454346, 1.8922680616378784, 1.900683045387268, 1.9306522607803345, 1.9224389791488647, 1.906034231185913, 1.6334985494613647, 1.9012449979782104, 1.8870338201522827, 1.9211455583572388, 1.90391206741333, 1.9111580848693848, 1.4024014472961426, 1.914520263671875, 1.9023582935333252, 1.9011259078979492, 1.5250476598739624, 1.9029226303100586, 1.8372639417648315, 1.9052530527114868, 1.9198951721191406, 1.9173210859298706, 1.9094252586364746, 1.90023672580719, 1.9118921756744385, 1.8849952220916748, 1.8905436992645264, 1.9069560766220093, 1.9209047555923462, 1.8904290199279785, 1.9118329286575317, 1.901431679725647, 1.813279628753662, 1.8591365814208984, 1.910844087600708, 1.9007445573806763, 1.8745516538619995, 1.9079127311706543, 1.8576258420944214, 1.9029405117034912, 1.7427090406417847, 1.8787815570831299, 1.8941599130630493, 1.8766157627105713], "r2": 0.3214876079201967, "mae": 10.04901699066162}, "frag_over_size": {"actual_log": [1.0413926851582251, 1.0413926851582251, 1.0413926851582251, 1.0413926851582251, 0.3802112417116061, 1.0413926851582251, 1.0413926851582251, 1.0413926851582251, 0.3979400086720376, 1.0413926851582251, 0.47712125471966244, 1.0413926851582251, 1.0413926851582251, 1.0413926851582251, 1.0413926851582251, 1.0413926851582251, 0.3010299956639812, 1.0413926851582251, 1.0413926851582251, 1.0413926851582251, 1.0413926851582251, 1.0413926851582251, 1.0413926851582251, 1.0413926851582251, 0.3010299956639812, 1.0413926851582251, 1.0413926851582251, 1.0413926851582251, 0.3802112417116061, 0.3010299956639812, 1.0413926851582251, 1.0413926851582251, 0.3979400086720376, 1.0413926851582251, 0.3802112417116061, 1.0413926851582251, 1.0413926851582251, 1.0413926851582251, 1.0413926851582251, 1.0413926851582251, 1.0413926851582251, 1.0413926851582251, 1.0413926851582251, 1.0413926851582251, 1.0413926851582251, 1.0413926851582251, 1.0413926851582251, 1.0413926851582251, 1.0413926851582251, 1.0413926851582251, 1.0413926851582251, 1.0413926851582251, 1.0413926851582251, 1.0413926851582251, 1.0413926851582251, 1.0413926851582251, 0.47712125471966244, 1.0413926851582251, 0.3802112417116061, 1.0413926851582251], "predicted_log": [1.0370045900344849, 1.037347435951233, 1.0197269916534424, 1.0356767177581787, 1.032394528388977, 1.0334709882736206, 1.039594054222107, 1.0095889568328857, 0.8973029255867004, 1.0201116800308228, 0.8951769471168518, 0.7601850628852844, 1.0588853359222412, 1.0376213788986206, 1.026178240776062, 1.015209674835205, 0.663716733455658, 0.9916709065437317, 1.0267316102981567, 1.0286784172058105, 1.0522624254226685, 1.0200912952423096, 0.8001881837844849, 1.0160431861877441, 0.42615190148353577, 1.035117506980896, 1.0202804803848267, 1.022704839706421, 0.5929732322692871, 1.0323290824890137, 1.0328134298324585, 1.014814853668213, 0.6934064626693726, 1.041536808013916, 0.9746717214584351, 1.0304886102676392, 1.0474071502685547, 1.017840027809143, 1.0370808839797974, 1.0163084268569946, 1.0397685766220093, 0.9856913685798645, 0.9696319699287415, 1.0208649635314941, 0.9858478307723999, 1.0101031064987183, 1.0395616292953491, 1.0264142751693726, 0.9576258063316345, 0.9307866096496582, 1.0349888801574707, 1.0250287055969238, 1.0169671773910522, 1.022369623184204, 0.9831740856170654, 1.0249083042144775, 0.8421725034713745, 0.9673353433609009, 1.019695520401001, 0.9978077411651611], "r2": 0.3585939864056714, "mae": 1.52213369846344}, "flyrock": {"actual_log": [0.0, 0.0, 0.0, 0.0, 1.3222192947339193, 0.0, 0.0, 0.0, 1.3222192947339193, 0.0, 1.1958996524092338, 0.0, 0.0, 0.0, 0.0, 0.0, 1.0791812460476249, 0.0, 0.0, 0.0, 0.0, 0.0, 0.0, 0.0, 1.3424226808222062, 0.0, 0.0, 0.0, 1.0413926851582251, 1.3424226808222062, 1.7853298350107671, 0.0, 1.3222192947339193, 0.0, 1.0413926851582251, 0.0, 0.0, 0.0, 0.0, 0.0, 0.0, 0.0, 0.0, 0.0, 0.0, 0.0, 0.0, 0.0, 0.0, 0.0, 0.0, 0.0, 0.0, 1.255272505103306, 0.0, 1.1139433523068367, 0.0, 0.0, 0.0, 0.0], "predicted_log": [0.15707017481327057, 0.3605363965034485, 0.6886537671089172, 0.3596394658088684, 0.5002202987670898, 0.9860824942588806, 0.18027903139591217, 0.551404595375061, 1.055355429649353, 0.5602061748504639, 0.8971647620201111, 1.09104585647583, 0.0, 0.11278264969587326, 0.7925024628639221, 0.5347579717636108, 1.209583044052124, 0.6105226874351501, 0.8348090052604675, 0.8104037046432495, 0.4958367943763733, 0.5314244627952576, 1.1394340991973877, 0.4510980248451233, 1.2491071224212646, 0.7466418147087097, 0.7129810452461243, 0.9338334798812866, 1.3403325080871582, 0.4587908387184143, 0.9656561613082886, 0.29411420226097107, 1.2498592138290405, 0.3949049413204193, 0.9284541606903076, 1.0505949258804321, 0.0, 0.46737465262413025, 0.1235271617770195, 0.6550776958465576, 0.08072279393672943, 0.8004480600357056, 0.754685640335083, 0.5453096628189087, 0.88816899061203, 0.7252730131149292, 0.07570496946573257, 0.17497113347053528, 0.8834341168403625, 0.8764343857765198, 0.12461001425981522, 0.959519624710083, 0.9577264189720154, 1.0445913076400757, 0.7084245085716248, 1.0113106966018677, 1.0432316064834595, 0.7368502616882324, 0.5895404815673828, 0.5090906023979187], "r2": 0.1302266649742141, "mae": 5.481920357743899}, "air_blast": {"actual_log": [0.0, 0.0, 0.0, 0.0, 0.0, 0.0, 0.0, 0.0, 0.0, 0.0, 2.0637085593914173, 0.0, 0.0, 0.0, 0.0, 0.0, 2.100370545117563, 0.0, 0.0, 0.0, 0.0, 0.0, 0.0, 0.0, 2.1335389083702174, 0.0, 0.0, 0.0, 0.0, 2.1335389083702174, 0.0, 0.0, 0.0, 0.0, 0.0, 0.0, 0.0, 0.0, 0.0, 0.0, 0.0, 0.0, 0.0, 0.0, 0.0, 0.0, 0.0, 0.0, 0.0, 0.0, 0.0, 0.0, 0.0, 2.089905111439398, 0.0, 2.089905111439398, 0.0, 0.0, 0.0, 0.0],